Nombre;Valor
tDejada;[TRUE,[[399.944,325,673.543],[0.00617059,0.70708,-0.70708,-0.00617059]],[58.31,[21.7,8.5,223],[1,0,0,0],4.231,4.714,1.588]]
