Nombre;Valor
poseEsquina1;[[399.944,-390,673.543],[0.70708,-0.00617059,0.00617059,-0.70708]]
